<?xml version="1.0" encoding="ISO-8859-1"?>

<employee xmlns:xsi="http://www.w3.org/2001/XMLSchema-instance" 
xsi:noNamespaceSchemaLocation="employee.xsd">
<details>
	<empcode>101</empcode>
	<empname>Preetam</empname>
	<doj>10-JAN-2010</doj>
	<salary>18000</salary>
	<grade>A</grade>
</details>

<details>
	<empcode>102</empcode>
	<empname>Aakash</empname>
	<doj>10-NOV-2005</doj>
	<salary>48000</salary>
	<grade>C</grade>
</details>

<details>
	<empcode>103</empcode>
	<empname>Kishore</empname>
	<doj>19-DEC-2011</doj>
	<salary>21000</salary>
	<grade>B</grade>
</details>

<details>
	<empcode>104</empcode>
	<empname>Reena</empname>
	<doj>23-JUN-2006</doj>
	<salary>42000</salary>
	<grade>C</grade>
</details>

<details>
	<empcode>105</empcode>
	<empname>Kailesh</empname>
	<doj>05-FEB-2004</doj>
	<salary>46000</salary>
	<grade>C</grade>
</details>

<details>
	<empcode>106</empcode>
	<empname>Sahana</empname>
	<doj>18-nov-2003</doj>
	<salary>52000</salary>
	<grade>C</grade>
</details>

<details>
	<empcode>107</empcode>
	<empname>Keerthana</empname>
	<doj>25-Jul-2006</doj>
	<salary>27000</salary>
	<grade>B</grade>
</details>

</employee>



